phuong09091980,122270357,113.179.175.203,2201,2020-10-17 16:54:59 +0700
applevn99,316236948,171.240.14.203,newwebchat,2020-10-17 16:53:54 +0700
applevn99,316236948,171.240.14.203,webchat,2020-10-17 16:53:38 +0700
applevn99,316236948,171.240.14.203,4354,2020-10-17 16:53:36 +0700
phamletho,55372421,118.71.198.29,2201,2020-10-17 16:48:38 +0700
applevn99,316236948,171.255.74.154,2101,2020-10-17 16:42:18 +0700
tuyettrinh071296,180575521,14.253.52.248,2101,2020-10-17 16:40:18 +0700
uatthugiang841311,299536945,27.67.183.158,2201,2020-10-17 16:29:34 +0700
daubao_422,319889164,171.255.72.75,2201,2020-10-17 16:28:18 +0700
tranbuicucanh,312498201,171.228.247.159,2201,2020-10-17 16:25:25 +0700
phamnhinhi2002,260789702,123.24.32.111,2201,2020-10-17 16:23:49 +0700
daubao_422,319889164,123.17.148.107,2201,2020-10-17 16:22:16 +0700
phuong09091980,122270357,113.185.41.108,2201,2020-10-17 16:16:52 +0700
tranbuicucanh,312498201,171.228.247.159,newwebchat,2020-10-17 16:05:29 +0700
tuyettrinh071296,180575521,14.253.52.248,1201,2020-10-17 16:05:29 +0700
tuyettrinh071296,180575521,14.253.52.248,2101,2020-10-17 16:04:37 +0700
applevn99,316236948,27.76.50.158,newwebchat,2020-10-17 16:01:52 +0700
applevn99,316236948,27.76.50.158,webchat,2020-10-17 16:01:15 +0700
applevn99,316236948,27.76.50.158,4354,2020-10-17 16:01:09 +0700
phatquy_wcs,306371489,103.199.33.172,2201,2020-10-17 16:00:05 +0700
windowphone8p,173716425,123.25.239.153,2201,2020-10-17 15:56:50 +0700
giangdinh2k6,63361061,113.185.47.209,2101,2020-10-17 15:55:53 +0700
windy.nguyen,6548851,113.176.98.58,2101,2020-10-17 15:54:05 +0700
applevn99,316236948,59.153.243.149,2101,2020-10-17 15:52:23 +0700
namlilama,38343727,113.188.171.90,newwebchat,2020-10-17 15:49:06 +0700
quochuyn01,318488072,14.164.0.170,2101,2020-10-17 15:47:46 +0700
namlilama,38343727,113.188.171.90,2101,2020-10-17 15:41:07 +0700
daubao_422,319889164,123.17.148.107,2201,2020-10-17 15:39:01 +0700
phuong09091980,122270357,113.185.41.108,2201,2020-10-17 15:30:18 +0700
id33000,35313645,103.199.56.147,2101,2020-10-17 15:24:31 +0700
windowphone8p,173716425,123.25.239.153,2201,2020-10-17 15:21:44 +0700
namlilama,38343727,113.188.171.90,newwebchat,2020-10-17 15:17:36 +0700
a1nguyenthihang,302905962,27.67.187.225,2101,2020-10-17 15:16:24 +0700
ngochanh_0710,321338502,123.16.118.197,2201,2020-10-17 15:13:33 +0700
phamletho,55372421,118.71.198.29,2201,2020-10-17 14:59:41 +0700
phuong09091980,122270357,113.185.41.108,2201,2020-10-17 14:58:32 +0700
daubao_422,319889164,27.66.141.80,2201,2020-10-17 14:52:43 +0700
uatthugiang841311,299536945,27.67.183.175,2201,2020-10-17 14:52:03 +0700
huutrunggg,11376272,8.38.147.11,2101,2020-10-17 14:47:26 +0700
phamletho,55372421,171.255.77.208,2201,2020-10-17 14:32:29 +0700
namlilama,38343727,113.188.171.90,newwebchat,2020-10-17 14:31:32 +0700
tranha053,155594771,58.187.166.109,newwebchat,2020-10-17 14:30:45 +0700
applevn99,316236948,59.153.243.149,2101,2020-10-17 14:21:44 +0700
binhminh1826_,214530886,42.113.119.12,2101,2020-10-17 14:14:12 +0700
namlilama,38343727,113.188.171.90,newwebchat,2020-10-17 14:00:00 +0700
namlilama,38343727,113.188.171.90,2201,2020-10-17 13:53:22 +0700
namlilama,38343727,113.185.74.232,2201,2020-10-17 13:53:10 +0700
hiengialai88,61747608,14.245.53.255,2101,2020-10-17 13:41:49 +0700
uatthugiang841311,299536945,27.67.182.254,2201,2020-10-17 13:33:34 +0700
trungtrangtrai,318537119,14.177.197.99,2101,2020-10-17 13:33:08 +0700
