jackychun94,57620546,171.253.132.198,newwebchat,2020-10-12 16:16:14 +0700
uatthugiang841311,299536945,27.67.9.14,2201,2020-10-12 16:11:55 +0700
tranha053,155594771,113.185.47.16,2101,2020-10-12 16:11:05 +0700
p0xt2cnoxw,300588007,27.74.240.178,newwebchat,2020-10-12 16:03:07 +0700
applevn99,316236948,171.240.58.138,2101,2020-10-12 15:55:11 +0700
applevn99,316236948,171.240.58.138,newwebchat,2020-10-12 15:46:35 +0700
hungboom003,289109508,14.186.125.52,2101,2020-10-12 15:40:45 +0700
tooljapananhboss,56729867,123.16.209.142,2101,2020-10-12 15:31:33 +0700
jackychun94,57620546,171.253.132.198,newwebchat,2020-10-12 15:29:08 +0700
tranbuicucvinh,308463557,113.160.144.111,2201,2020-10-12 15:20:01 +0700
applevn99,316236948,171.240.58.138,2101,2020-10-12 15:17:57 +0700
applevn99,316236948,171.240.58.138,newwebchat,2020-10-12 15:16:11 +0700
helios.closet,6570234,27.2.0.172,2201,2020-10-12 15:08:31 +0700
toan113yaa,82067133,118.70.120.238,2101,2020-10-12 15:02:08 +0700
jackychun94,57620546,171.253.132.198,newwebchat,2020-10-12 14:54:17 +0700
applevn99,316236948,171.240.58.138,webchat,2020-10-12 14:54:10 +0700
applevn99,316236948,171.240.58.138,4354,2020-10-12 14:54:09 +0700
nguyenquangls,66552766,14.229.200.200,2101,2020-10-12 14:42:44 +0700
p0xt2cnoxw,300588007,27.74.240.178,2201,2020-10-12 14:35:25 +0700
nthienxxi,34851663,123.20.144.151,2101,2020-10-12 14:34:57 +0700
tranbuicucvinh,308463557,27.67.181.96,2201,2020-10-12 14:34:53 +0700
applevn99,316236948,171.240.58.138,newwebchat,2020-10-12 14:34:04 +0700
toan113yaa,82067133,118.70.120.238,2101,2020-10-12 14:31:37 +0700
tooljapananhboss,56729867,123.16.209.142,2101,2020-10-12 14:29:29 +0700
buithuyhang418579,309543671,113.185.105.21,2201,2020-10-12 14:28:16 +0700
ngochanh_0710,321338502,113.190.35.171,2201,2020-10-12 14:12:38 +0700
jackychun94,57620546,113.183.138.66,newwebchat,2020-10-12 14:11:01 +0700
helios.closet,6570234,27.2.0.172,2201,2020-10-12 14:07:30 +0700
huynhmai0112,27219563,103.199.56.221,2201,2020-10-12 14:06:52 +0700
applevn99,316236948,171.240.58.138,newwebchat,2020-10-12 13:55:40 +0700
applevn99,316236948,171.240.58.138,webchat,2020-10-12 13:55:37 +0700
applevn99,316236948,171.240.58.138,4354,2020-10-12 13:55:37 +0700
applevn99,316236948,59.153.242.29,2101,2020-10-12 13:48:51 +0700
viettai77,91066778,113.164.94.171,newwebchat,2020-10-12 13:47:25 +0700
nthienxxi,34851663,123.20.144.151,2101,2020-10-12 13:46:44 +0700
synvx6ue02,304674242,116.103.181.197,2201,2020-10-12 13:39:36 +0700
trangtuyet9102,213044435,116.103.181.197,2201,2020-10-12 13:37:08 +0700
phamnhinhi2002,260789702,171.240.5.93,2201,2020-10-12 13:33:44 +0700
huynhmai0112,27219563,58.187.123.227,2201,2020-10-12 13:33:26 +0700
trangtuyet9102,213044435,116.103.181.197,2201,2020-10-12 13:32:12 +0700
hienvy03,212290851,116.103.181.197,2201,2020-10-12 13:29:05 +0700
jackychun94,57620546,113.183.138.66,newwebchat,2020-10-12 13:21:39 +0700
hoangnamaaa13,201730562,125.214.57.121,2101,2020-10-12 13:21:34 +0700
helios.closet,6570234,27.2.0.172,2201,2020-10-12 13:20:36 +0700
nthienxxi,34851663,123.20.144.151,2101,2020-10-12 13:16:38 +0700
toanhhuong611812,309544136,123.19.28.213,2201,2020-10-12 13:12:16 +0700
tramtuyetvy310297,313009634,123.19.28.213,2201,2020-10-12 13:11:14 +0700
p0xt2cnoxw,300588007,27.74.240.178,2201,2020-10-12 13:04:49 +0700
tranha053,155594771,113.185.47.16,2101,2020-10-12 13:03:07 +0700
p0xt2cnoxw,300588007,27.74.240.178,newwebchat,2020-10-12 13:00:33 +0700
