huynhmai0112,27219563,171.240.136.177,2101,2020-09-23 01:52:08 +0700
thienanhdt,67610812,14.187.108.235,2101,2020-09-23 01:22:15 +0700
p0xt2cnoxw,300588007,27.74.240.178,2201,2020-09-23 01:09:03 +0700
tranha053,155594771,1.55.164.244,2101,2020-09-23 01:08:53 +0700
tranthingocdiep910562,313013385,171.234.37.190,1201,2020-09-23 00:48:45 +0700
taphuonglien200128,313012892,171.234.37.190,1201,2020-09-23 00:48:43 +0700
nguyenngochuyen803662,313012319,171.234.37.190,1201,2020-09-23 00:48:41 +0700
lethibichhuong889995,313011659,171.234.37.190,1201,2020-09-23 00:48:39 +0700
tramtuyetvy310297,313009634,171.234.37.190,1201,2020-09-23 00:48:34 +0700
linhnguyen16101212,10328728,171.249.87.20,2101,2020-09-23 00:22:48 +0700
lethibichhuong889995,313011659,171.234.37.190,android,2020-09-23 00:18:43 +0700
tramtuyetvy310297,313009634,171.234.37.190,android,2020-09-23 00:18:42 +0700
nguyenngochuyen803662,313012319,171.234.37.190,android,2020-09-23 00:18:42 +0700
tranthingocdiep910562,313013385,171.234.37.190,android,2020-09-23 00:18:42 +0700
taphuonglien200128,313012892,171.234.37.190,android,2020-09-23 00:18:42 +0700
thuhien_1299,24642532,171.255.118.29,2201,2020-09-23 00:18:04 +0700
huynhmai0112,27219563,171.240.136.177,2101,2020-09-23 00:13:37 +0700
thienanhdt,67610812,14.187.108.235,newwebchat,2020-09-23 00:11:41 +0700
maithithuat1223,313056997,171.225.255.1,2101,2020-09-23 00:03:49 +0700
p0xt2cnoxw,300588007,27.74.240.178,2201,2020-09-22 23:50:44 +0700
tooljapananhboss,56729867,8.39.127.149,2101,2020-09-22 23:43:54 +0700
huynhmai0112,27219563,171.240.136.177,2101,2020-09-22 23:30:18 +0700
huutrunggg,11376272,117.7.123.241,2101,2020-09-22 23:13:16 +0700
tooljapananhboss,56729867,8.39.127.149,2101,2020-09-22 22:47:50 +0700
trangvu230693,85735612,123.17.170.57,2101,2020-09-22 22:42:29 +0700
p0xt2cnoxw,300588007,27.74.240.178,2201,2020-09-22 22:32:56 +0700
phamnhinhi2002,260789702,116.104.255.252,2201,2020-09-22 22:29:32 +0700
tranbuicucanh,312498201,171.228.254.17,newwebchat,2020-09-22 22:21:34 +0700
thuyenkhongbenzz,312202681,117.5.127.70,2201,2020-09-22 22:15:53 +0700
tooljapananhboss,56729867,8.39.127.149,2101,2020-09-22 22:12:21 +0700
maithithuat1223,313056997,171.225.255.1,2101,2020-09-22 21:58:49 +0700
hoangnamaaa13,201730562,27.71.204.56,2101,2020-09-22 21:53:11 +0700
tooljapananhboss,56729867,8.39.127.149,2101,2020-09-22 21:40:03 +0700
tranthingocdiep910562,313013385,171.234.37.190,1201,2020-09-22 21:34:03 +0700
taphuonglien200128,313012892,171.234.37.190,1201,2020-09-22 21:34:00 +0700
nguyenngochuyen803662,313012319,171.234.37.190,1201,2020-09-22 21:33:54 +0700
lethibichhuong889995,313011659,171.234.37.190,1201,2020-09-22 21:33:48 +0700
tramtuyetvy310297,313009634,171.234.37.190,1201,2020-09-22 21:33:39 +0700
a1nguyenthihang,302905962,222.252.0.227,2101,2020-09-22 21:32:54 +0700
helios.closet,6570234,171.226.76.103,2201,2020-09-22 21:21:39 +0700
phamnhinhi2002,260789702,116.104.255.252,2201,2020-09-22 21:05:52 +0700
maithithuat1223,313056997,171.225.255.1,2101,2020-09-22 20:49:35 +0700
a1nguyenthihang,302905962,222.252.0.227,2101,2020-09-22 20:38:59 +0700
hoangnamaaa13,201730562,27.75.74.126,2101,2020-09-22 20:37:05 +0700
giabaoznk,310631821,117.5.127.70,2201,2020-09-22 20:33:32 +0700
huynhmai0112,27219563,171.240.136.177,2101,2020-09-22 20:31:04 +0700
tranha053,155594771,1.55.164.244,2101,2020-09-22 20:28:44 +0700
hiengialai88,61747608,113.166.236.198,2101,2020-09-22 20:26:12 +0700
leducanh.vnp,74537347,113.185.42.115,2101,2020-09-22 20:14:29 +0700
a1nguyenthihang,302905962,222.252.0.227,2101,2020-09-22 20:07:29 +0700
