hienvy03,212290851,115.73.124.75,2201,2020-09-11 19:28:49 +0700
hungboom003,289109508,113.172.66.16,2101,2020-09-11 19:22:41 +0700
hienvy03,212290851,115.73.124.75,2201,2020-09-11 18:53:03 +0700
phamletho,55372421,42.118.0.54,2201,2020-09-11 18:51:33 +0700
hungboom003,289109508,113.172.66.16,2101,2020-09-11 18:30:27 +0700
hatin241218,200029069,115.77.125.99,2201,2020-09-11 17:43:06 +0700
phuong09091980,122270357,123.26.217.161,2201,2020-09-11 17:25:11 +0700
trangvu230693,85735612,123.17.171.75,2101,2020-09-11 17:24:32 +0700
jackychun94,57620546,103.199.57.67,newwebchat,2020-09-11 17:24:09 +0700
hungboom003,289109508,113.172.66.16,2101,2020-09-11 17:21:07 +0700
leducanh.vnp,74537347,123.30.190.83,newwebchat,2020-09-11 17:03:11 +0700
jackychun94,57620546,103.199.57.67,newwebchat,2020-09-11 16:48:30 +0700
huynhmai0112,27219563,14.241.182.102,newwebchat,2020-09-11 16:39:52 +0700
huynhmai0112,27219563,14.241.182.102,1201,2020-09-11 16:39:42 +0700
jackychun94,57620546,14.173.61.215,newwebchat,2020-09-11 16:36:15 +0700
thuhien_1299,24642532,171.255.124.215,2201,2020-09-11 16:35:22 +0700
thienanhdt,67610812,14.161.28.111,2101,2020-09-11 16:28:15 +0700
leducanh.vnp,74537347,123.30.190.83,newwebchat,2020-09-11 16:24:01 +0700
trangtuyet9102,213044435,115.73.124.75,2201,2020-09-11 16:22:48 +0700
p0xt2cnoxw,300588007,27.74.240.178,newwebchat,2020-09-11 16:19:16 +0700
tranha053,155594771,113.164.4.35,2101,2020-09-11 16:13:08 +0700
jackychun94,57620546,103.199.33.187,newwebchat,2020-09-11 16:07:46 +0700
jackychun94,57620546,103.199.32.132,2201,2020-09-11 16:06:43 +0700
phuong09091980,122270357,123.26.217.161,2201,2020-09-11 16:05:59 +0700
leducanh.vnp,74537347,123.30.190.83,newwebchat,2020-09-11 15:50:52 +0700
thaodat150613,64326662,14.231.233.147,2101,2020-09-11 15:36:37 +0700
jackychun94,57620546,103.199.32.132,2201,2020-09-11 15:35:10 +0700
tranbuicucvinh,308463557,171.228.246.174,2201,2020-09-11 15:28:52 +0700
phamletho,55372421,42.118.0.54,2201,2020-09-11 15:27:35 +0700
p0xt2cnoxw,300588007,27.74.240.178,newwebchat,2020-09-11 15:27:13 +0700
tranbuicucvinh,308463557,27.67.5.129,2201,2020-09-11 15:26:04 +0700
thienanhdt,67610812,14.161.28.111,2101,2020-09-11 15:25:53 +0700
nguyenmanhdung146433,299814794,113.175.115.180,2201,2020-09-11 15:25:43 +0700
trangvu230693,85735612,123.17.171.75,2101,2020-09-11 15:23:18 +0700
jackychun94,57620546,14.173.61.215,newwebchat,2020-09-11 15:22:57 +0700
p0xt2cnoxw,300588007,27.74.240.178,2201,2020-09-11 15:19:13 +0700
leducanh.vnp,74537347,123.30.190.83,newwebchat,2020-09-11 15:19:02 +0700
a1nguyenthihang,302905962,222.252.0.227,2101,2020-09-11 15:14:57 +0700
hiengialai88,61747608,117.3.101.241,newwebchat,2020-09-11 15:08:41 +0700
hiengialai88,61747608,117.3.101.241,2101,2020-09-11 15:07:03 +0700
helios.closet,6570234,27.3.128.100,2201,2020-09-11 15:02:08 +0700
tranbuicucvinh,308463557,171.228.246.174,2201,2020-09-11 14:58:36 +0700
p0xt2cnoxw,300588007,27.74.240.178,2201,2020-09-11 14:56:02 +0700
jackychun94,57620546,171.253.184.70,2101,2020-09-11 14:55:39 +0700
p0xt2cnoxw,300588007,27.74.240.178,newwebchat,2020-09-11 14:54:43 +0700
hienvy03,212290851,115.73.124.75,2201,2020-09-11 14:48:41 +0700
trangtuyet9102,213044435,115.73.124.75,2201,2020-09-11 14:47:40 +0700
sinhluu60,229830741,115.73.124.75,2201,2020-09-11 14:44:47 +0700
jackychun94,57620546,14.173.61.215,newwebchat,2020-09-11 14:41:18 +0700
leducanh.vnp,74537347,123.30.190.83,newwebchat,2020-09-11 14:40:52 +0700
