trinhnhai22,61549244,117.5.184.158,2101,2020-09-25 11:13:45 +0700
buithuyhang418579,309543671,123.19.90.203,2201,2020-09-25 11:13:32 +0700
jackychun94,57620546,113.169.143.110,newwebchat,2020-09-25 11:00:22 +0700
phanh161201,51159575,27.67.41.125,2101,2020-09-25 10:59:57 +0700
lethanhmai_91,68208695,14.248.215.109,2201,2020-09-25 10:54:42 +0700
huutrunggg,11376272,42.116.141.154,2101,2020-09-25 10:36:18 +0700
jackychun94,57620546,113.169.143.110,newwebchat,2020-09-25 10:29:37 +0700
jackychun94,57620546,113.169.143.110,1201,2020-09-25 10:29:31 +0700
phanh161201,51159575,27.67.41.125,2101,2020-09-25 10:29:10 +0700
hiengialai88,61747608,117.3.101.241,2101,2020-09-25 10:22:47 +0700
hungdean99,168271362,117.2.240.38,2101,2020-09-25 10:21:25 +0700
maithithuat1223,313056997,171.225.255.1,2101,2020-09-25 10:15:37 +0700
hiengialai88,61747608,117.3.101.241,newwebchat,2020-09-25 09:57:55 +0700
hiengialai88,61747608,117.3.101.241,2101,2020-09-25 09:52:04 +0700
lananh2504,6894031,123.20.51.73,2101,2020-09-25 09:36:46 +0700
lethanhmai_91,68208695,14.248.215.109,2201,2020-09-25 09:34:42 +0700
thienanhdt,67610812,171.253.133.190,2101,2020-09-25 09:32:28 +0700
huynhmai0112,27219563,171.235.188.144,2101,2020-09-25 09:31:33 +0700
hoangnamaaa13,201730562,27.75.74.126,2101,2020-09-25 09:31:03 +0700
id33000,35313645,103.199.33.236,2101,2020-09-25 09:27:31 +0700
toan113yaa,82067133,59.153.243.9,2101,2020-09-25 09:15:50 +0700
id33000,35313645,103.199.32.162,2101,2020-09-25 09:15:27 +0700
toan113yaa,82067133,118.70.120.238,2101,2020-09-25 09:04:29 +0700
chungphungyen682414,299767019,171.255.123.101,2201,2020-09-25 09:03:57 +0700
lethanhmai_91,68208695,14.248.215.109,2201,2020-09-25 09:02:38 +0700
lethanhmai_91,68208695,123.27.14.124,2201,2020-09-25 09:00:29 +0700
yoona99nn,86889906,14.177.235.223,2101,2020-09-25 08:59:38 +0700
huynhmai0112,27219563,171.235.188.144,2101,2020-09-25 08:53:34 +0700
choosetheperfect,310630002,117.5.127.70,2201,2020-09-25 08:53:06 +0700
phamnhinhi2002,260789702,123.24.32.111,2201,2020-09-25 08:47:38 +0700
lethanhmai_91,68208695,14.248.215.109,2201,2020-09-25 08:24:28 +0700
chungphungyen682414,299767019,113.189.212.47,2201,2020-09-25 08:08:11 +0700
duongtrantu402026,299486581,113.189.212.47,2201,2020-09-25 08:06:42 +0700
doquocbao99164,299485769,113.189.212.47,2201,2020-09-25 08:06:05 +0700
uatthugiang841311,299536945,113.189.212.47,2201,2020-09-25 08:05:28 +0700
diephiepvu343461,299528522,113.189.212.47,2201,2020-09-25 08:05:13 +0700
nguyenmanhdung146433,299814794,113.189.212.47,2201,2020-09-25 08:05:07 +0700
hienvy03,212290851,116.103.252.172,2201,2020-09-25 07:48:05 +0700
hungdean99,168271362,1.55.183.119,2101,2020-09-25 07:32:34 +0700
hungboom003,289109508,113.172.77.146,2101,2020-09-25 06:35:17 +0700
phamnhinhi2002,260789702,123.24.32.111,2201,2020-09-25 05:07:49 +0700
phamnhinhi2002,260789702,123.24.32.111,2201,2020-09-25 04:36:40 +0700
maithithuat1223,313056997,171.225.255.1,2101,2020-09-25 00:35:45 +0700
thienanhdt,67610812,171.253.133.190,2101,2020-09-25 00:32:33 +0700
trungphamgia88,82924225,1.55.239.97,2101,2020-09-25 00:21:02 +0700
phamnhinhi2002,260789702,123.24.32.111,2201,2020-09-25 00:18:38 +0700
minhkhoi_le,190593469,171.226.76.103,2201,2020-09-25 00:06:22 +0700
helios.closet,6570234,171.226.76.103,2201,2020-09-25 00:02:48 +0700
thienanhdt,67610812,171.253.133.190,2101,2020-09-25 00:01:56 +0700
uatthugiang841311,299536945,113.189.212.47,2101,2020-09-25 00:00:34 +0700
