thaodat150613,64326662,14.231.155.198,2101,2020-08-24 12:09:36 +0700
phamletho,55372421,113.23.48.189,2201,2020-08-24 11:58:09 +0700
tranhung108,251437813,183.91.15.91,2101,2020-08-24 11:25:44 +0700
phamnhinhi2002,260789702,171.240.32.184,2201,2020-08-24 11:13:48 +0700
trangvu230693,85735612,113.179.202.32,2101,2020-08-24 11:13:26 +0700
phamletho,55372421,113.23.48.189,2201,2020-08-24 10:34:08 +0700
vinhhyl,95979872,8.21.11.62,2101,2020-08-24 10:31:55 +0700
phamletho,55372421,113.23.48.189,2201,2020-08-24 09:59:57 +0700
tranhung108,251437813,183.91.15.91,2101,2020-08-24 09:47:38 +0700
tranha053,155594771,113.185.41.147,2101,2020-08-24 09:16:19 +0700
tranha053,155594771,113.164.4.35,2101,2020-08-24 09:15:38 +0700
trungphamgia88,82924225,113.185.47.16,2101,2020-08-24 08:23:57 +0700
diephiepvu343461,299528522,14.228.172.120,2201,2020-08-24 08:18:12 +0700
thuy.long,114661670,14.187.86.246,2101,2020-08-24 08:10:15 +0700
trangvu230693,85735612,113.179.202.32,2101,2020-08-24 08:06:04 +0700
phamletho,55372421,113.23.48.189,2201,2020-08-24 06:45:01 +0700
phamletho,55372421,113.23.48.189,2201,2020-08-24 04:02:05 +0700
leducanh.vnp,74537347,14.248.132.243,newwebchat,2020-08-24 03:04:18 +0700
leducanh.vnp,74537347,14.248.132.243,newwebchat,2020-08-24 02:19:16 +0700
leducanh.vnp,74537347,14.248.132.243,newwebchat,2020-08-24 01:32:52 +0700
leducanh.vnp,74537347,14.248.132.243,2101,2020-08-24 01:01:27 +0700
leducanh.vnp,74537347,14.248.132.243,newwebchat,2020-08-24 00:25:25 +0700
lananh2504,6894031,123.20.178.35,2101,2020-08-24 00:00:32 +0700
tranha053,155594771,118.71.96.167,2101,2020-08-23 23:49:29 +0700
id33000,35313645,113.173.73.105,2101,2020-08-23 23:47:09 +0700
leducanh.vnp,74537347,14.248.132.243,2101,2020-08-23 23:33:34 +0700
leducanh.vnp,74537347,14.248.132.243,newwebchat,2020-08-23 23:10:47 +0700
vinhhyl,95979872,8.21.11.62,2101,2020-08-23 22:23:49 +0700
leducanh.vnp,74537347,14.248.132.243,newwebchat,2020-08-23 22:23:12 +0700
phamletho,55372421,113.23.48.189,2201,2020-08-23 21:50:21 +0700
phamletho,55372421,113.23.48.189,2201,2020-08-23 21:09:44 +0700
toan113yaa,82067133,123.16.134.168,2101,2020-08-23 20:13:33 +0700
helios.closet,6570234,27.3.128.100,2201,2020-08-23 20:09:55 +0700
helios.closet,6570234,27.3.128.100,2201,2020-08-23 19:35:15 +0700
windy.nguyen,6548851,113.185.104.187,2101,2020-08-23 19:03:14 +0700
phamnhinhi2002,260789702,171.240.32.184,2201,2020-08-23 19:01:37 +0700
helios.closet,6570234,27.3.128.100,2201,2020-08-23 18:24:52 +0700
diephiepvu343461,299528522,171.255.72.95,2201,2020-08-23 18:18:08 +0700
phamletho,55372421,113.168.120.66,2201,2020-08-23 18:05:14 +0700
thuy.long,114661670,113.185.75.168,2101,2020-08-23 18:04:09 +0700
thuy.long,114661670,27.3.232.245,2101,2020-08-23 17:47:33 +0700
vinhhyl,95979872,8.21.11.62,2101,2020-08-23 17:46:23 +0700
hienvy03,212290851,116.105.173.146,2201,2020-08-23 17:37:52 +0700
huynhmai0112,27219563,14.179.7.186,2101,2020-08-23 17:10:57 +0700
windy.nguyen,6548851,113.185.104.187,2101,2020-08-23 16:58:30 +0700
diephiepvu343461,299528522,171.255.72.185,2201,2020-08-23 16:57:59 +0700
phamletho,55372421,113.168.120.66,2201,2020-08-23 16:19:02 +0700
diephiepvu343461,299528522,171.255.72.185,2201,2020-08-23 16:10:59 +0700
thuy.long,114661670,27.3.232.245,2101,2020-08-23 16:01:46 +0700
helios.closet,6570234,27.3.128.100,2201,2020-08-23 15:44:15 +0700
