hienvy03,212290851,117.7.168.19,2201,2020-10-23 08:49:27 +0700
hoangnamaaa13,201730562,27.74.88.69,2101,2020-10-23 08:47:00 +0700
p0xt2cnoxw,300588007,27.74.240.178,newwebchat,2020-10-23 08:40:24 +0700
windowphone8p,173716425,103.199.57.208,2201,2020-10-23 08:37:27 +0700
yoona99nn,86889906,171.224.178.199,2101,2020-10-23 08:34:49 +0700
tooljapananhboss,56729867,123.16.222.103,2101,2020-10-23 08:23:40 +0700
hatuhuy120997,125772671,14.186.111.72,2101,2020-10-23 08:21:15 +0700
com190598,128211299,42.115.172.190,2101,2020-10-23 08:18:39 +0700
applevn99,316236948,27.71.121.116,2101,2020-10-23 08:18:07 +0700
jackychun94,57620546,113.169.227.214,newwebchat,2020-10-23 08:14:51 +0700
chinhbe_625,319725137,42.114.21.76,newwebchat,2020-10-23 08:14:05 +0700
chinhbe_625,319725137,42.114.21.76,1201,2020-10-23 08:14:00 +0700
sonhoai983,319845557,42.114.21.76,newwebchat,2020-10-23 08:11:42 +0700
thuhien_1299,24642532,27.67.177.100,2201,2020-10-23 08:07:02 +0700
viettai77,91066778,113.164.94.171,newwebchat,2020-10-23 08:05:57 +0700
yoona99nn,86889906,171.224.178.199,2101,2020-10-23 08:02:48 +0700
hiengialai88,61747608,117.3.101.241,newwebchat,2020-10-23 07:59:55 +0700
hoangnamaaa13,201730562,125.214.60.47,2101,2020-10-23 07:58:24 +0700
applevn99,316236948,171.234.126.135,2101,2020-10-23 07:54:25 +0700
anhtukelvin,265888877,171.254.142.193,2201,2020-10-23 07:50:40 +0700
tooljapananhboss,56729867,123.16.222.103,2101,2020-10-23 07:48:44 +0700
hatuhuy120997,125772671,14.186.111.72,2101,2020-10-23 07:46:38 +0700
jackychun94,57620546,115.77.118.220,2101,2020-10-23 07:45:58 +0700
jackychun94,57620546,171.253.137.188,2101,2020-10-23 07:45:43 +0700
khanhuyen258,53892336,103.19.99.50,2201,2020-10-23 07:19:44 +0700
sonhoai983,319845557,42.114.21.76,newwebchat,2020-10-23 07:18:38 +0700
thuong528120733,320799525,103.19.99.52,2201,2020-10-23 07:18:13 +0700
phamnhinhi2002,260789702,14.162.250.108,2201,2020-10-23 07:15:00 +0700
hiengialai88,61747608,117.3.101.241,newwebchat,2020-10-23 07:14:19 +0700
hatuhuy120997,125772671,14.186.111.72,2101,2020-10-23 07:14:03 +0700
jackychun94,57620546,115.77.118.220,2101,2020-10-23 06:59:16 +0700
applevn99,316236948,27.71.121.116,2101,2020-10-23 06:57:05 +0700
id33000,35313645,113.173.73.105,2101,2020-10-23 06:48:14 +0700
windowphone8p,173716425,103.199.57.177,2201,2020-10-23 06:41:44 +0700
truclanphan2110,74340349,14.231.95.254,2101,2020-10-23 06:41:28 +0700
sonhoai983,319845557,42.114.21.76,newwebchat,2020-10-23 06:31:34 +0700
jackychun94,57620546,115.77.118.220,2101,2020-10-23 06:18:35 +0700
tranbuicucvinh,308463557,171.228.246.222,2201,2020-10-23 06:08:03 +0700
applevn99,316236948,27.71.121.116,2101,2020-10-23 06:00:27 +0700
thophamle,37145164,27.67.134.20,2201,2020-10-23 05:55:22 +0700
sonhoai983,319845557,42.114.21.76,newwebchat,2020-10-23 05:49:30 +0700
sonhoai983,319845557,42.114.21.76,newwebchat,2020-10-23 04:57:26 +0700
applevn99,316236948,27.71.121.133,2101,2020-10-23 04:16:00 +0700
sonhoai983,319845557,42.114.21.76,newwebchat,2020-10-23 04:10:22 +0700
sonhoai983,319845557,42.114.21.76,newwebchat,2020-10-23 03:12:18 +0700
ngodung1506,87955484,171.231.20.168,newwebchat,2020-10-23 03:10:58 +0700
h12345aa,171206332,171.252.155.46,2201,2020-10-23 02:17:55 +0700
sonhoai983,319845557,42.114.21.76,newwebchat,2020-10-23 02:16:14 +0700
yoona99nn,86889906,171.224.178.175,2101,2020-10-23 01:40:09 +0700
h12345aa,171206332,171.252.153.118,2201,2020-10-23 01:26:38 +0700
