toan113yaa,82067133,118.70.120.238,2101,2020-10-08 17:12:20 +0700
thienanhdt,67610812,14.161.28.111,2101,2020-10-08 16:57:13 +0700
viettai77,91066778,113.164.94.171,newwebchat,2020-10-08 16:54:29 +0700
viettai77,91066778,113.164.94.171,1201,2020-10-08 16:54:23 +0700
minhthuonh91,29953950,171.255.64.83,2201,2020-10-08 16:54:22 +0700
applevn99,316236948,171.240.58.138,2101,2020-10-08 16:49:42 +0700
namlilama,38343727,113.188.171.90,newwebchat,2020-10-08 16:46:42 +0700
minhkhoi_le,190593469,27.2.0.172,2201,2020-10-08 16:40:49 +0700
quochuyn01,318488072,14.164.0.170,2101,2020-10-08 16:38:02 +0700
tooljapananhboss,56729867,8.39.127.149,2101,2020-10-08 16:37:03 +0700
applevn99,316236948,59.153.243.139,2101,2020-10-08 16:12:23 +0700
lethanhmai_91,68208695,14.162.103.90,2201,2020-10-08 16:01:43 +0700
lethanhmai_91,68208695,222.252.67.36,2201,2020-10-08 15:57:44 +0700
kieumongvi392861,312581584,14.174.196.183,2201,2020-10-08 15:57:34 +0700
quochuyn01,318488072,14.164.0.170,2101,2020-10-08 15:53:04 +0700
applevn99,316236948,171.240.58.138,2101,2020-10-08 15:49:57 +0700
maichili329,272206451,171.255.165.167,2101,2020-10-08 15:38:00 +0700
minhkhoi_le,190593469,27.2.0.172,2201,2020-10-08 15:34:45 +0700
applevn99,316236948,171.240.58.138,newwebchat,2020-10-08 15:32:36 +0700
applevn99,316236948,171.240.58.138,webchat,2020-10-08 15:32:25 +0700
applevn99,316236948,171.240.58.138,4354,2020-10-08 15:32:24 +0700
helios.closet,6570234,27.2.0.172,2201,2020-10-08 15:31:42 +0700
maithithuat1223,313056997,27.78.172.19,2101,2020-10-08 15:26:55 +0700
kieumongvi392861,312581584,14.174.196.183,2201,2020-10-08 15:24:20 +0700
applevn99,316236948,171.240.58.138,2101,2020-10-08 15:19:41 +0700
hiengialai88,61747608,117.3.101.241,newwebchat,2020-10-08 15:17:23 +0700
thuyenkhongbenzz,312202681,117.5.116.195,2201,2020-10-08 15:12:44 +0700
minhthuonh91,29953950,171.255.64.83,2201,2020-10-08 15:09:46 +0700
lethanhmai_91,68208695,222.252.67.36,2201,2020-10-08 15:07:10 +0700
p0xt2cnoxw,300588007,27.74.240.178,2201,2020-10-08 14:57:17 +0700
minhthuonh91,29953950,171.255.70.26,2201,2020-10-08 14:56:42 +0700
phuong09091980,122270357,113.185.40.158,2201,2020-10-08 14:51:10 +0700
hiengialai88,61747608,117.3.101.241,newwebchat,2020-10-08 14:44:58 +0700
hoangnamaaa13,201730562,125.214.57.121,2101,2020-10-08 14:40:07 +0700
minhkhoi_le,190593469,27.2.0.172,2201,2020-10-08 14:27:12 +0700
minhthuonh91,29953950,171.255.70.26,2201,2020-10-08 14:23:10 +0700
quochuyn01,318488072,14.164.0.170,2101,2020-10-08 14:20:26 +0700
toan113yaa,82067133,118.70.120.238,2101,2020-10-08 14:18:57 +0700
lethanhmai_91,68208695,222.252.67.36,2201,2020-10-08 14:15:51 +0700
hiengialai88,61747608,117.3.101.241,2101,2020-10-08 14:14:45 +0700
namlilama,38343727,113.188.171.90,newwebchat,2020-10-08 14:14:34 +0700
hiengialai88,61747608,117.3.101.241,newwebchat,2020-10-08 14:14:27 +0700
windy.nguyen,6548851,113.176.98.58,2101,2020-10-08 14:13:25 +0700
applevn99,316236948,171.240.58.138,2101,2020-10-08 14:09:55 +0700
nguyenmanhdung146433,299814794,171.255.121.132,2201,2020-10-08 14:07:13 +0700
linhnguyen16101212,10328728,171.250.74.127,2101,2020-10-08 14:06:27 +0700
diephiepvu343461,299528522,171.255.121.132,2201,2020-10-08 14:06:08 +0700
helios.closet,6570234,27.2.0.172,2201,2020-10-08 13:58:39 +0700
minhkhoi_le,190593469,27.2.0.172,2201,2020-10-08 13:55:16 +0700
applevn99,316236948,59.153.243.184,2101,2020-10-08 13:54:54 +0700
