tranthingocdiep910562,313013385,5.62.61.153,android,2020-09-22 13:47:56 +0700
taphuonglien200128,313012892,92.223.73.25,android,2020-09-22 13:46:35 +0700
nguyenngochuyen803662,313012319,5.62.58.189,android,2020-09-22 13:44:49 +0700
lethibichhuong889995,313011659,5.62.56.173,android,2020-09-22 13:42:54 +0700
tramtuyetvy310297,313009634,5.62.61.65,android,2020-09-22 13:40:01 +0700
lethanhmai_91,68208695,14.162.104.105,2201,2020-09-22 13:35:23 +0700
huutrunggg,11376272,14.191.85.32,2101,2020-09-22 13:29:03 +0700
windy.nguyen,6548851,113.185.109.124,2101,2020-09-22 13:27:12 +0700
phamnhinhi2002,260789702,116.104.255.252,2201,2020-09-22 13:25:14 +0700
truclanphan2110,74340349,59.153.244.86,2101,2020-09-22 13:16:39 +0700
tranha053,155594771,113.185.42.47,2101,2020-09-22 13:04:58 +0700
helios.closet,6570234,171.226.76.103,2201,2020-09-22 13:04:06 +0700
thienanhdt,67610812,14.161.28.111,newwebchat,2020-09-22 12:48:11 +0700
tooljapananhboss,56729867,8.39.127.149,2101,2020-09-22 12:47:04 +0700
giabaoznk,310631821,117.5.116.43,2201,2020-09-22 12:46:33 +0700
thienanhdt,67610812,14.161.28.111,2101,2020-09-22 12:44:06 +0700
phamnhinhi2002,260789702,116.104.255.252,2201,2020-09-22 12:38:00 +0700
vothiphuongchi805044,309544440,123.19.90.203,2201,2020-09-22 12:18:21 +0700
maandi525478,309544812,123.19.90.203,2201,2020-09-22 12:17:27 +0700
phamnhinhi2002,260789702,116.104.255.252,2201,2020-09-22 12:01:50 +0700
giabaoznk,310631821,117.5.116.43,2201,2020-09-22 11:55:18 +0700
huynhmai0112,27219563,171.240.136.177,2201,2020-09-22 11:48:27 +0700
yoona99nn,86889906,171.255.71.135,2101,2020-09-22 11:45:25 +0700
yoona99nn,86889906,42.118.38.22,2101,2020-09-22 11:45:12 +0700
yoona99nn,86889906,14.177.235.223,2101,2020-09-22 11:45:09 +0700
phuong09091980,122270357,113.185.42.134,2201,2020-09-22 11:44:56 +0700
huutrunggg,11376272,14.191.85.32,2101,2020-09-22 11:27:03 +0700
lananh2504,6894031,27.78.32.122,2101,2020-09-22 11:24:17 +0700
kimthoa260485,61093518,115.78.115.73,2201,2020-09-22 10:59:02 +0700
huutrunggg,11376272,14.191.85.32,2101,2020-09-22 10:56:28 +0700
yoona99nn,86889906,1.55.251.177,2101,2020-09-22 10:48:08 +0700
yoona99nn,86889906,14.177.235.223,2101,2020-09-22 10:45:37 +0700
yoona99nn,86889906,171.255.71.135,2101,2020-09-22 10:43:37 +0700
maandi525478,309544812,123.19.90.203,2201,2020-09-22 10:41:34 +0700
helios.closet,6570234,171.226.76.103,2201,2020-09-22 10:30:54 +0700
a1nguyenthihang,302905962,222.252.0.227,2101,2020-09-22 10:29:07 +0700
thaodat150613,64326662,14.231.233.147,2101,2020-09-22 10:11:58 +0700
thuhien_1299,24642532,171.255.118.82,2201,2020-09-22 10:11:11 +0700
hoangnamaaa13,201730562,27.71.204.56,2101,2020-09-22 10:06:07 +0700
tooljapananhboss,56729867,8.39.127.149,2101,2020-09-22 09:57:14 +0700
lethanhmai_91,68208695,14.162.104.105,2201,2020-09-22 09:55:27 +0700
thienanhdt,67610812,14.187.108.235,2101,2020-09-22 09:54:05 +0700
windy.nguyen,6548851,113.185.109.151,2101,2020-09-22 09:47:41 +0700
tranha053,155594771,113.185.42.47,2101,2020-09-22 09:41:29 +0700
thaodat150613,64326662,14.231.233.147,2101,2020-09-22 09:40:06 +0700
huynhmai0112,27219563,171.240.136.177,2101,2020-09-22 09:37:39 +0700
tranha053,155594771,113.164.4.35,2101,2020-09-22 09:30:26 +0700
hiengialai88,61747608,117.3.101.241,2101,2020-09-22 09:16:10 +0700
hiengialai88,61747608,117.3.101.241,newwebchat,2020-09-22 09:16:10 +0700
huynhmai0112,27219563,171.240.136.177,2101,2020-09-22 09:07:14 +0700
