jackychun94,57620546,14.168.232.82,newwebchat,2020-08-21 13:22:06 +0700
hienvy03,212290851,116.105.173.146,2201,2020-08-21 13:10:48 +0700
tranha053,155594771,113.185.46.248,2101,2020-08-21 13:09:11 +0700
helios.closet,6570234,27.3.128.100,2201,2020-08-21 13:07:46 +0700
tranha053,155594771,113.164.4.35,2101,2020-08-21 12:56:38 +0700
nguyenquangls,66552766,14.247.181.250,2101,2020-08-21 12:34:13 +0700
phamnhinhi2002,260789702,116.111.74.221,2201,2020-08-21 12:29:26 +0700
phamletho,55372421,113.23.48.189,2201,2020-08-21 11:56:21 +0700
phuong09091980,122270357,123.26.178.246,2201,2020-08-21 11:52:03 +0700
phuong09091980,122270357,123.26.178.246,2201,2020-08-21 10:55:48 +0700
anhtukelvin,265888877,27.70.191.51,2101,2020-08-21 10:47:50 +0700
tooljapananhboss,56729867,8.21.11.102,2101,2020-08-21 09:41:41 +0700
lethanhmai_91,68208695,14.177.106.85,2201,2020-08-21 09:32:42 +0700
kenpham84,239895032,42.119.163.245,2101,2020-08-21 08:53:25 +0700
thaodat150613,64326662,14.231.155.198,2101,2020-08-21 07:53:19 +0700
tooljapananhboss,56729867,8.21.11.102,2101,2020-08-21 07:49:00 +0700
yoona99nn,86889906,171.224.181.110,2101,2020-08-21 07:18:03 +0700
tranha053,155594771,118.71.96.167,2101,2020-08-21 06:57:01 +0700
leducanh.vnp,74537347,14.248.132.243,newwebchat,2020-08-21 06:05:48 +0700
phamnhinhi2002,260789702,171.240.27.16,2201,2020-08-21 02:23:52 +0700
kenpham84,239895032,171.245.124.197,2101,2020-08-21 00:56:37 +0700
yoona99nn,86889906,171.224.181.110,2101,2020-08-21 00:55:30 +0700
thaodat150613,64326662,14.231.155.198,2101,2020-08-21 00:44:49 +0700
tranha053,155594771,42.113.155.198,2101,2020-08-21 00:20:21 +0700
phamnhinhi2002,260789702,171.240.27.16,2201,2020-08-20 23:06:02 +0700
anhtukelvin,265888877,27.70.191.51,2101,2020-08-20 21:52:00 +0700
lethanhmai_91,68208695,42.112.94.77,2201,2020-08-20 21:08:27 +0700
tooljapananhboss,56729867,8.21.11.102,2101,2020-08-20 20:52:31 +0700
truclanphan2110,74340349,59.153.245.44,2101,2020-08-20 20:43:04 +0700
trangvu230693,85735612,113.179.202.32,2101,2020-08-20 20:19:02 +0700
leducanh.vnp,74537347,123.30.190.83,newwebchat,2020-08-20 19:41:19 +0700
lethanhmai_91,68208695,42.112.94.77,2201,2020-08-20 19:38:28 +0700
leducanh.vnp,74537347,123.30.190.83,newwebchat,2020-08-20 18:51:49 +0700
helios.closet,6570234,27.3.128.100,2201,2020-08-20 18:44:57 +0700
leducanh.vnp,74537347,123.30.190.83,newwebchat,2020-08-20 18:12:26 +0700
lethanhmai_91,68208695,42.112.94.77,2201,2020-08-20 18:00:32 +0700
jackychun94,57620546,14.173.61.203,newwebchat,2020-08-20 17:36:39 +0700
leducanh.vnp,74537347,123.30.190.83,newwebchat,2020-08-20 17:33:48 +0700
lethanhmai_91,68208695,42.112.94.77,2201,2020-08-20 17:26:43 +0700
jackychun94,57620546,14.173.61.203,newwebchat,2020-08-20 17:02:56 +0700
hoangnamaaa13,201730562,125.214.56.254,2101,2020-08-20 16:53:05 +0700
leducanh.vnp,74537347,123.30.190.83,newwebchat,2020-08-20 16:47:45 +0700
tooljapananhboss,56729867,8.21.11.102,2101,2020-08-20 16:46:15 +0700
lethanhmai_91,68208695,42.112.94.77,2201,2020-08-20 16:30:28 +0700
jackychun94,57620546,14.173.61.203,newwebchat,2020-08-20 16:27:47 +0700
nguyenquangls,66552766,14.247.181.250,newwebchat,2020-08-20 16:15:22 +0700
leducanh.vnp,74537347,123.30.190.83,newwebchat,2020-08-20 16:02:35 +0700
jackychun94,57620546,14.173.61.203,newwebchat,2020-08-20 15:53:52 +0700
lethanhmai_91,68208695,123.27.8.163,2201,2020-08-20 15:35:09 +0700
trungphamgia88,82924225,113.23.102.227,2101,2020-08-20 15:30:29 +0700
