windy.nguyen,6548851,123.19.19.61,2101,2020-09-15 07:54:07 +0700
phamnhinhi2002,260789702,113.185.46.35,2201,2020-09-15 07:47:49 +0700
tooljapananhboss,56729867,8.21.11.102,2101,2020-09-15 07:40:32 +0700
hiengialai88,61747608,117.3.101.241,2101,2020-09-15 07:12:08 +0700
tranha053,155594771,58.186.99.252,2101,2020-09-15 06:56:21 +0700
p0xt2cnoxw,300588007,27.74.240.178,2201,2020-09-15 06:50:27 +0700
ngodung1506,87955484,171.231.16.162,newwebchat,2020-09-15 02:42:20 +0700
ngodung1506,87955484,171.231.16.162,newwebchat,2020-09-15 02:11:02 +0700
ngodung1506,87955484,8.21.11.49,2101,2020-09-15 01:33:47 +0700
id33000,35313645,113.173.73.105,2101,2020-09-15 01:10:38 +0700
tranha053,155594771,58.186.99.252,2101,2020-09-15 00:09:01 +0700
tranha053,155594771,8.38.148.32,2101,2020-09-15 00:07:56 +0700
minhthuonh91,29953950,113.168.156.85,2201,2020-09-14 23:40:23 +0700
tooljapananhboss,56729867,8.21.11.102,2101,2020-09-14 23:27:44 +0700
trangvu230693,85735612,123.17.171.75,2101,2020-09-14 23:21:35 +0700
tranha053,155594771,8.38.148.32,2101,2020-09-14 23:11:26 +0700
linhnguyen16101212,10328728,27.74.202.33,2101,2020-09-14 23:08:59 +0700
duongtrantu402026,299486581,14.166.215.209,2201,2020-09-14 23:03:04 +0700
duongtrantu402026,299486581,27.67.182.235,2201,2020-09-14 23:01:34 +0700
maandi525478,309544812,117.7.72.25,1201,2020-09-14 22:59:52 +0700
vothiphuongchi805044,309544440,117.7.72.25,1201,2020-09-14 22:59:50 +0700
toanhhuong611812,309544136,117.7.72.25,1201,2020-09-14 22:59:48 +0700
buithuyhang418579,309543671,117.7.72.25,1201,2020-09-14 22:59:47 +0700
tooljapananhboss,56729867,8.21.11.102,2101,2020-09-14 22:54:50 +0700
nguyenmanhdung146433,299814794,27.67.182.235,2201,2020-09-14 22:50:51 +0700
tooljapananhboss,56729867,8.21.11.102,2101,2020-09-14 22:22:14 +0700
tranha053,155594771,8.39.127.170,2101,2020-09-14 22:16:29 +0700
trinhnhai22,61549244,116.107.123.235,2101,2020-09-14 22:09:13 +0700
hungboom003,289109508,113.172.77.146,2101,2020-09-14 22:07:25 +0700
trangvu230693,85735612,123.17.171.75,2101,2020-09-14 21:46:40 +0700
trinhnhai22,61549244,116.107.123.235,2101,2020-09-14 21:33:49 +0700
huutrunggg,11376272,27.69.167.96,2101,2020-09-14 21:28:09 +0700
maandi525478,309544812,117.7.72.25,1201,2020-09-14 21:26:47 +0700
vothiphuongchi805044,309544440,117.7.72.25,1201,2020-09-14 21:26:44 +0700
phamnhinhi2002,260789702,116.111.76.132,2201,2020-09-14 21:25:58 +0700
buithuyhang418579,309543671,117.7.72.25,android,2020-09-14 21:25:18 +0700
maandi525478,309544812,117.7.72.25,android,2020-09-14 21:25:17 +0700
vothiphuongchi805044,309544440,117.7.72.25,android,2020-09-14 21:25:17 +0700
toanhhuong611812,309544136,117.7.72.25,android,2020-09-14 21:25:16 +0700
hoangnamaaa13,201730562,125.214.59.217,2101,2020-09-14 21:24:36 +0700
toanhhuong611812,309544136,117.7.72.25,1201,2020-09-14 21:19:46 +0700
buithuyhang418579,309543671,117.7.72.25,1201,2020-09-14 21:19:44 +0700
tooljapananhboss,56729867,8.21.11.102,2101,2020-09-14 21:01:14 +0700
p0xt2cnoxw,300588007,112.197.235.164,2201,2020-09-14 21:00:32 +0700
nguyenmanhdung146433,299814794,14.166.215.209,2201,2020-09-14 20:45:32 +0700
nguyenmanhdung146433,299814794,27.67.182.171,2201,2020-09-14 20:44:44 +0700
diephiepvu343461,299528522,27.67.182.171,2201,2020-09-14 20:30:46 +0700
diephiepvu343461,299528522,27.67.182.171,2201,2020-09-14 20:28:58 +0700
chungphungyen682414,299767019,27.67.182.171,2201,2020-09-14 20:26:39 +0700
doquocbao99164,299485769,27.67.182.171,2201,2020-09-14 20:25:52 +0700
