phamletho,55372421,171.255.77.203,2201,2020-10-17 13:29:03 +0700
applevn99,316236948,59.153.243.92,2101,2020-10-17 13:26:04 +0700
applevn99,316236948,27.71.121.142,2101,2020-10-17 13:20:26 +0700
applevn99,316236948,171.240.58.138,2101,2020-10-17 13:16:11 +0700
phamnhinhi2002,260789702,123.24.32.111,2201,2020-10-17 13:10:27 +0700
huutrunggg,11376272,117.7.121.72,2101,2020-10-17 13:07:53 +0700
windowphone8p,173716425,123.25.239.153,2201,2020-10-17 13:04:37 +0700
phamletho,55372421,118.71.198.29,2201,2020-10-17 13:01:37 +0700
minhthuonh91,29953950,171.255.69.31,2201,2020-10-17 12:59:53 +0700
trangvu230693,85735612,123.17.165.141,2101,2020-10-17 12:56:06 +0700
uatthugiang841311,299536945,171.255.126.152,2201,2020-10-17 12:53:39 +0700
tranha053,155594771,113.185.42.34,2101,2020-10-17 12:50:38 +0700
toanhhuong611812,309544136,14.250.251.227,2201,2020-10-17 12:44:17 +0700
toanhhuong611812,309544136,113.185.104.17,2201,2020-10-17 12:41:56 +0700
1v27c02cr6fep8bwm_s9zwba9fa3,323873395,171.255.168.150,2101,2020-10-17 12:36:57 +0700
applevn99,316236948,27.67.143.138,2101,2020-10-17 12:30:49 +0700
h12345aa,171206332,171.248.36.72,2201,2020-10-17 12:27:11 +0700
windowphone8p,173716425,123.25.239.153,2201,2020-10-17 12:25:16 +0700
p0xt2cnoxw,300588007,117.7.220.207,2201,2020-10-17 12:23:12 +0700
minhthuonh91,29953950,171.255.69.31,2201,2020-10-17 12:20:59 +0700
applevn99,316236948,27.67.143.240,2101,2020-10-17 12:18:23 +0700
trangvu230693,85735612,123.17.165.141,2101,2020-10-17 12:17:56 +0700
giangdinh2k6,63361061,113.163.20.116,2101,2020-10-17 12:17:17 +0700
tranha053,155594771,58.187.166.109,2101,2020-10-17 12:15:47 +0700
kenpham84,239895032,116.97.164.31,2101,2020-10-17 12:15:18 +0700
phamletho,55372421,118.71.198.29,2201,2020-10-17 12:12:59 +0700
applevn99,316236948,27.71.121.142,2101,2020-10-17 12:11:34 +0700
phamnhinhi2002,260789702,123.24.32.111,2201,2020-10-17 12:07:06 +0700
binhminh1826_,214530886,42.113.119.12,2101,2020-10-17 12:03:09 +0700
uatthugiang841311,299536945,171.255.126.152,2201,2020-10-17 12:03:05 +0700
phunghieptp,96228578,27.66.160.110,2101,2020-10-17 12:01:02 +0700
applevn99,316236948,171.240.58.138,newwebchat,2020-10-17 11:57:58 +0700
tranhung108,251437813,27.3.64.198,2101,2020-10-17 11:56:31 +0700
phamletho,55372421,171.255.76.254,2201,2020-10-17 11:56:18 +0700
h12345aa,171206332,171.248.36.72,2201,2020-10-17 11:56:04 +0700
trungtrangtrai,318537119,14.177.197.99,2101,2020-10-17 11:55:16 +0700
1x2377w49cnt0oxulckr_unsnmxv,322862540,27.67.38.202,2101,2020-10-17 11:52:04 +0700
hiengialai88,61747608,14.245.53.255,2101,2020-10-17 11:47:03 +0700
giangdinh2k6,63361061,113.163.20.116,2101,2020-10-17 11:46:33 +0700
h12345aa,171206332,171.252.153.118,2201,2020-10-17 11:46:14 +0700
hoangnamaaa13,201730562,125.214.57.121,2101,2020-10-17 11:45:42 +0700
phuong09091980,122270357,113.179.175.203,2201,2020-10-17 11:40:51 +0700
applevn99,316236948,171.240.58.138,2101,2020-10-17 11:38:38 +0700
huynhmai0112,27219563,171.247.155.22,2101,2020-10-17 11:38:17 +0700
uatthugiang841311,299536945,14.171.87.83,2201,2020-10-17 11:34:05 +0700
uatthugiang841311,299536945,171.255.64.247,2201,2020-10-17 11:31:29 +0700
applevn99,316236948,171.240.58.138,webchat,2020-10-17 11:29:54 +0700
applevn99,316236948,171.240.58.138,4354,2020-10-17 11:29:54 +0700
phanh161201,51159575,171.255.127.30,2101,2020-10-17 11:27:29 +0700
h12345aa,171206332,171.248.36.72,2201,2020-10-17 11:25:50 +0700
