truclanphan2110,74340349,59.153.245.33,2101,2020-09-07 08:47:09 +0700
nthienxxi,34851663,123.20.244.213,2101,2020-09-07 08:47:09 +0700
helios.closet,6570234,27.3.128.100,2201,2020-09-07 08:43:40 +0700
p0xt2cnoxw,300588007,27.74.240.178,newwebchat,2020-09-07 08:42:39 +0700
hiengialai88,61747608,117.3.101.241,newwebchat,2020-09-07 08:13:37 +0700
a1nguyenthihang,302905962,14.175.79.242,2101,2020-09-07 07:53:11 +0700
phamnhinhi2002,260789702,123.24.112.238,2201,2020-09-07 07:40:59 +0700
hiengialai88,61747608,117.3.101.241,newwebchat,2020-09-07 07:33:06 +0700
trangtuyet9102,213044435,116.103.183.100,2201,2020-09-07 07:22:05 +0700
phamletho,55372421,42.118.0.92,2201,2020-09-07 07:15:21 +0700
tranha053,155594771,58.187.167.63,2101,2020-09-07 07:00:21 +0700
phamletho,55372421,42.118.0.92,2201,2020-09-07 06:00:42 +0700
hiengialai88,61747608,14.245.54.82,2101,2020-09-07 05:33:25 +0700
thienanhdt,67610812,171.253.128.105,2101,2020-09-07 00:52:48 +0700
p0xt2cnoxw,300588007,117.7.220.210,2201,2020-09-07 00:28:38 +0700
linhnguyen16101212,10328728,115.74.120.235,2101,2020-09-07 00:08:35 +0700
truclanphan2110,74340349,123.24.147.10,2101,2020-09-07 00:08:09 +0700
p0xt2cnoxw,300588007,117.7.220.210,2201,2020-09-06 23:56:59 +0700
phamletho,55372421,42.118.0.92,2201,2020-09-06 23:23:42 +0700
tooljapananhboss,56729867,8.21.11.102,2101,2020-09-06 23:14:07 +0700
linhnguyen16101212,10328728,115.74.120.235,2101,2020-09-06 23:05:16 +0700
anhtukelvin,265888877,171.243.49.130,2101,2020-09-06 23:01:11 +0700
anhtukelvin,265888877,171.243.49.130,1201,2020-09-06 22:59:22 +0700
linhnguyen16101212,10328728,115.74.120.235,2101,2020-09-06 22:30:03 +0700
tooljapananhboss,56729867,8.21.11.102,2101,2020-09-06 22:20:50 +0700
chungphungyen682414,299767019,171.255.64.240,2201,2020-09-06 22:18:04 +0700
nguyenmanhdung146433,299814794,171.255.64.240,2201,2020-09-06 22:02:50 +0700
phamletho,55372421,42.118.0.92,2201,2020-09-06 21:33:59 +0700
p0xt2cnoxw,300588007,117.7.220.210,2201,2020-09-06 21:14:57 +0700
huutrunggg,11376272,171.225.226.121,2101,2020-09-06 21:12:34 +0700
tranglinh1902,228186854,116.103.183.100,2201,2020-09-06 21:09:14 +0700
trangtuyet9102,213044435,116.103.183.100,2201,2020-09-06 21:02:00 +0700
synvx6ue02,304674242,116.103.183.100,2201,2020-09-06 21:01:02 +0700
phuong09091980,122270357,171.245.8.40,2201,2020-09-06 20:47:42 +0700
p0xt2cnoxw,300588007,117.7.220.210,2201,2020-09-06 20:41:39 +0700
hungboom003,289109508,113.172.67.204,2101,2020-09-06 20:38:20 +0700
kimthoa260485,61093518,27.75.20.248,2201,2020-09-06 20:11:06 +0700
hiengialai88,61747608,14.245.54.82,2101,2020-09-06 19:36:29 +0700
hungboom003,289109508,113.172.67.204,2101,2020-09-06 19:29:42 +0700
helios.closet,6570234,27.3.128.100,2201,2020-09-06 18:50:32 +0700
phamletho,55372421,113.177.40.189,2201,2020-09-06 18:32:39 +0700
hungboom003,289109508,14.186.100.187,2101,2020-09-06 18:27:52 +0700
giangdinh2k6,63361061,14.253.61.24,2101,2020-09-06 18:19:04 +0700
p0xt2cnoxw,300588007,171.253.176.245,2201,2020-09-06 18:13:25 +0700
diephiepvu343461,299528522,171.255.64.66,2201,2020-09-06 17:50:25 +0700
p0xt2cnoxw,300588007,171.253.176.245,2201,2020-09-06 17:42:24 +0700
phanh161201,51159575,171.255.64.74,2101,2020-09-06 17:32:51 +0700
hatin241218,200029069,115.77.125.99,2201,2020-09-06 17:00:05 +0700
hungboom003,289109508,113.172.67.204,2101,2020-09-06 16:49:04 +0700
p0xt2cnoxw,300588007,123.25.225.24,2201,2020-09-06 16:47:19 +0700
