applevn99,316236948,171.240.58.138,2101,2020-10-09 13:53:59 +0700
trungtrangtrai,318537119,123.24.178.227,2101,2020-10-09 13:47:33 +0700
tooljapananhboss,56729867,8.39.127.149,2101,2020-10-09 13:44:24 +0700
hungdean99,168271362,1.52.59.205,2101,2020-10-09 13:41:39 +0700
applevn99,316236948,42.113.60.23,2101,2020-10-09 13:38:18 +0700
tooljapananhboss,56729867,123.16.209.142,newwebchat,2020-10-09 13:34:28 +0700
applevn99,316236948,59.153.243.139,2101,2020-10-09 13:32:51 +0700
kenpham84,239895032,171.245.63.6,2101,2020-10-09 13:30:04 +0700
p0xt2cnoxw,300588007,171.253.135.35,2201,2020-10-09 13:29:00 +0700
phamnhinhi2002,260789702,116.97.183.91,2201,2020-10-09 13:28:18 +0700
viettai77,91066778,113.164.94.171,newwebchat,2020-10-09 13:26:04 +0700
thuhien_1299,24642532,27.67.189.65,2201,2020-10-09 13:18:33 +0700
tooljapananhboss,56729867,8.39.127.149,2101,2020-10-09 13:07:56 +0700
tranbuicucanh,312498201,171.228.254.122,newwebchat,2020-10-09 13:01:27 +0700
trungtrangtrai,318537119,27.67.129.232,2101,2020-10-09 13:01:25 +0700
trangvu230693,85735612,123.17.174.122,2101,2020-10-09 12:56:53 +0700
hiengialai88,61747608,117.3.101.241,2101,2020-10-09 12:51:56 +0700
applevn99,316236948,59.153.243.139,2101,2020-10-09 12:40:48 +0700
tooljapananhboss,56729867,123.16.209.142,newwebchat,2020-10-09 12:38:26 +0700
lethanhmai_91,68208695,14.232.111.198,2201,2020-10-09 12:32:11 +0700
zm2tr3iqofnopztnncqhqbpi0ety,319775552,171.253.128.197,2201,2020-10-09 12:27:06 +0700
tooljapananhboss,56729867,8.39.127.149,2101,2020-10-09 12:24:29 +0700
sinhluu60,229830741,116.103.181.197,2201,2020-10-09 12:22:08 +0700
phuong09091980,122270357,171.245.29.101,2201,2020-10-09 12:21:27 +0700
phamnhinhi2002,260789702,116.97.183.91,2201,2020-10-09 12:15:27 +0700
tooljapananhboss,56729867,8.39.127.149,2101,2020-10-09 11:53:49 +0700
p0xt2cnoxw,300588007,171.253.135.35,2201,2020-10-09 11:50:17 +0700
p0xt2cnoxw,300588007,117.7.220.220,2201,2020-10-09 11:49:41 +0700
minhthuonh91,29953950,171.255.78.245,2201,2020-10-09 11:49:17 +0700
hungboom003,289109508,113.172.72.17,2101,2020-10-09 11:47:44 +0700
p0xt2cnoxw,300588007,27.74.240.178,newwebchat,2020-10-09 11:47:01 +0700
p0xt2cnoxw,300588007,27.74.240.178,1201,2020-10-09 11:46:56 +0700
tooljapananhboss,56729867,123.16.209.142,newwebchat,2020-10-09 11:45:24 +0700
minhthuonh91,29953950,171.255.78.245,2201,2020-10-09 11:15:51 +0700
tooljapananhboss,56729867,8.39.127.149,2101,2020-10-09 11:15:11 +0700
tranha053,155594771,113.164.4.35,newwebchat,2020-10-09 11:14:48 +0700
maithithuat1223,313056997,1.55.120.159,2101,2020-10-09 11:02:28 +0700
maithithuat1223,313056997,103.249.23.178,2101,2020-10-09 11:00:03 +0700
quochuyn01,318488072,171.253.136.223,2101,2020-10-09 10:59:02 +0700
maithithuat1223,313056997,103.249.23.169,2101,2020-10-09 10:58:09 +0700
tooljapananhboss,56729867,123.16.209.142,newwebchat,2020-10-09 10:51:22 +0700
tooljapananhboss,56729867,123.16.209.142,1201,2020-10-09 10:51:17 +0700
tooljapananhboss,56729867,8.39.127.149,2101,2020-10-09 10:42:11 +0700
tranha053,155594771,113.164.4.35,newwebchat,2020-10-09 10:38:10 +0700
jackychun94,57620546,103.199.32.130,2201,2020-10-09 10:36:50 +0700
minhthuonh91,29953950,171.255.78.245,2201,2020-10-09 10:30:57 +0700
hiengialai88,61747608,117.3.101.241,2101,2020-10-09 10:26:00 +0700
lethanhmai_91,68208695,222.252.67.36,2201,2020-10-09 10:25:45 +0700
hiengialai88,61747608,117.3.101.241,newwebchat,2020-10-09 10:25:04 +0700
nguyenmanhdung146433,299814794,113.186.46.101,2201,2020-10-09 10:15:57 +0700
